TITULO,URL,NIVEL_ACESS,TOTAL_ERRO,TOTAL_AVISO,ERRO_MARCACAO,AVISO_MARCACAO,ERRO_COMPORTAMENTO,AVISO_COMPORTAMENTO,ERRO_CONT_INFO,AVISO_CONT_INFO,ERRO_APRESENT,AVISO_APRESENT,ERRO_MULTI,AVISO_MULTI,ERRO_FORM,AVISO_FORM
Estatísticas | Tribunal Regional do Trabalho da 12ª Região,https://portal.trt12.jus.br/ouvidoria-estatistica,93.95%,17,63,,"1.1 Respeitar os Padrões Web. (link para um novo sítio)
1.2 Organizar o código HTML de forma lógica e semântica. (link para um novo sítio)
1.4 Ordenar de forma lógica e intuitiva a leitura e tabulação. (link para um novo sítio)
1.6 Não utilizar tabelas para diagramação. (link para um novo sítio)
","2.1 Disponibilizar todas as funções da página via teclado.(link para um novo sítio)
","2.2 Garantir que os objetos programáveis sejam acessíveis. (link para um novo sítio)
","3.5 Descrever links clara e sucintamente.(link para um novo sítio)
3.6 Fornecer alternativa em texto para as imagens do sítio.(link para um novo sítio)
3.10 Associar células de dados às células de cabeçalho.(link para um novo sítio)
","3.5 Descrever links clara e sucintamente. (link para um novo sítio)
3.6 Fornecer alternativa em texto para as imagens do sítio. (link para um novo sítio)
3.9 Em tabelas, utilizar títulos e resumos de forma apropriada. (link para um novo sítio)
",,"
",,"
",,"6.7 Agrupar campos de formulário. (link para um novo sítio)
"
Perícias | Tribunal Regional do Trabalho da 12ª Região,https://portal.trt12.jus.br/pericias,99.85%,5,70,,"1.1 Respeitar os Padrões Web. (link para um novo sítio)
1.2 Organizar o código HTML de forma lógica e semântica. (link para um novo sítio)
1.4 Ordenar de forma lógica e intuitiva a leitura e tabulação. (link para um novo sítio)
","2.1 Disponibilizar todas as funções da página via teclado.(link para um novo sítio)
","2.2 Garantir que os objetos programáveis sejam acessíveis. (link para um novo sítio)
","3.5 Descrever links clara e sucintamente.(link para um novo sítio)
3.6 Fornecer alternativa em texto para as imagens do sítio.(link para um novo sítio)
","3.5 Descrever links clara e sucintamente. (link para um novo sítio)
3.6 Fornecer alternativa em texto para as imagens do sítio. (link para um novo sítio)
",,"
",,"
",,"6.7 Agrupar campos de formulário. (link para um novo sítio)
"
Sala de Imprensa | Tribunal Regional do Trabalho da 12ª Região,https://portal.trt12.jus.br/secominicio,95.97%,19,56,"1.2 Organizar o código HTML de forma lógica e semântica.(link para um novo sítio)
","1.1 Respeitar os Padrões Web. (link para um novo sítio)
1.2 Organizar o código HTML de forma lógica e semântica. (link para um novo sítio)
1.4 Ordenar de forma lógica e intuitiva a leitura e tabulação. (link para um novo sítio)
","2.1 Disponibilizar todas as funções da página via teclado.(link para um novo sítio)
","2.2 Garantir que os objetos programáveis sejam acessíveis. (link para um novo sítio)
","3.5 Descrever links clara e sucintamente.(link para um novo sítio)
3.6 Fornecer alternativa em texto para as imagens do sítio.(link para um novo sítio)
","3.5 Descrever links clara e sucintamente. (link para um novo sítio)
3.6 Fornecer alternativa em texto para as imagens do sítio. (link para um novo sítio)
",,"
",,"
",,"6.7 Agrupar campos de formulário. (link para um novo sítio)
"
Saiba como entrar em contato com as unidades do Tribunal | Tribunal Regional do Trabalho da 12ª Região,https://portal.trt12.jus.br/noticias/contatos-das-unidades-judiciarias,99.87%,4,45,,"1.1 Respeitar os Padrões Web. (link para um novo sítio)
1.2 Organizar o código HTML de forma lógica e semântica. (link para um novo sítio)
1.4 Ordenar de forma lógica e intuitiva a leitura e tabulação. (link para um novo sítio)
","2.1 Disponibilizar todas as funções da página via teclado.(link para um novo sítio)
","2.2 Garantir que os objetos programáveis sejam acessíveis. (link para um novo sítio)
","3.5 Descrever links clara e sucintamente.(link para um novo sítio)
3.6 Fornecer alternativa em texto para as imagens do sítio.(link para um novo sítio)
","3.5 Descrever links clara e sucintamente. (link para um novo sítio)
3.6 Fornecer alternativa em texto para as imagens do sítio. (link para um novo sítio)
",,"
",,"
",,"6.7 Agrupar campos de formulário. (link para um novo sítio)
"
APRESENTAÇÃO | Tribunal Regional do Trabalho da 12ª Região,https://portal.trt12.jus.br/institucional/memoria/apresenta%C3%A7%C3%A3o,99.84%,5,48,,"1.1 Respeitar os Padrões Web. (link para um novo sítio)
1.2 Organizar o código HTML de forma lógica e semântica. (link para um novo sítio)
1.4 Ordenar de forma lógica e intuitiva a leitura e tabulação. (link para um novo sítio)
","2.1 Disponibilizar todas as funções da página via teclado.(link para um novo sítio)
","2.2 Garantir que os objetos programáveis sejam acessíveis. (link para um novo sítio)
","3.5 Descrever links clara e sucintamente.(link para um novo sítio)
3.6 Fornecer alternativa em texto para as imagens do sítio.(link para um novo sítio)
","3.5 Descrever links clara e sucintamente. (link para um novo sítio)
3.6 Fornecer alternativa em texto para as imagens do sítio. (link para um novo sítio)
",,"
",,"
",,"6.7 Agrupar campos de formulário. (link para um novo sítio)
"
"Calendário Institucional - Feriados que suspendem prazos processuais, conforme abrangência. | Tribunal Regional do Trabalho da 12ª Região",https://portal.trt12.jus.br/calendario-institucional,96.72%,4,45,"1.2 Organizar o código HTML de forma lógica e semântica.(link para um novo sítio)
","1.1 Respeitar os Padrões Web. (link para um novo sítio)
1.2 Organizar o código HTML de forma lógica e semântica. (link para um novo sítio)
1.4 Ordenar de forma lógica e intuitiva a leitura e tabulação. (link para um novo sítio)
","2.1 Disponibilizar todas as funções da página via teclado.(link para um novo sítio)
","2.2 Garantir que os objetos programáveis sejam acessíveis. (link para um novo sítio)
","3.5 Descrever links clara e sucintamente.(link para um novo sítio)
3.6 Fornecer alternativa em texto para as imagens do sítio.(link para um novo sítio)
","3.5 Descrever links clara e sucintamente. (link para um novo sítio)
3.6 Fornecer alternativa em texto para as imagens do sítio. (link para um novo sítio)
",,"
",,"
",,"6.7 Agrupar campos de formulário. (link para um novo sítio)
"
Desembargadores | Tribunal Regional do Trabalho da 12ª Região,https://portal.trt12.jus.br/desembargadores,,,,,,,,,,,,,,,
Estrutura Organizacional e Atribuições | Tribunal Regional do Trabalho da 12ª Região,https://portal.trt12.jus.br/estruturaorganizacional,99.85%,3,40,,"1.1 Respeitar os Padrões Web. (link para um novo sítio)
1.2 Organizar o código HTML de forma lógica e semântica. (link para um novo sítio)
1.4 Ordenar de forma lógica e intuitiva a leitura e tabulação. (link para um novo sítio)
","2.1 Disponibilizar todas as funções da página via teclado.(link para um novo sítio)
","2.2 Garantir que os objetos programáveis sejam acessíveis. (link para um novo sítio)
","3.5 Descrever links clara e sucintamente.(link para um novo sítio)
3.6 Fornecer alternativa em texto para as imagens do sítio.(link para um novo sítio)
","3.5 Descrever links clara e sucintamente. (link para um novo sítio)
3.6 Fornecer alternativa em texto para as imagens do sítio. (link para um novo sítio)
",,"
",,"
",,"6.7 Agrupar campos de formulário. (link para um novo sítio)
"
SEGJUD - Composição da Comissão de Regimento Interno | Tribunal Regional do Trabalho da 12ª Região,https://portal.trt12.jus.br/segjud/comissao/regimento/interno/composicao,95.59%,37,42,"1.3 Utilizar corretamente os níveis de cabeçalho.(link para um novo sítio)
","1.1 Respeitar os Padrões Web. (link para um novo sítio)
1.2 Organizar o código HTML de forma lógica e semântica. (link para um novo sítio)
1.4 Ordenar de forma lógica e intuitiva a leitura e tabulação. (link para um novo sítio)
1.6 Não utilizar tabelas para diagramação. (link para um novo sítio)
","2.1 Disponibilizar todas as funções da página via teclado.(link para um novo sítio)
","2.2 Garantir que os objetos programáveis sejam acessíveis. (link para um novo sítio)
","3.5 Descrever links clara e sucintamente.(link para um novo sítio)
3.6 Fornecer alternativa em texto para as imagens do sítio.(link para um novo sítio)
","3.5 Descrever links clara e sucintamente. (link para um novo sítio)
3.6 Fornecer alternativa em texto para as imagens do sítio. (link para um novo sítio)
3.9 Em tabelas, utilizar títulos e resumos de forma apropriada. (link para um novo sítio)
",,"
",,"
",,"6.7 Agrupar campos de formulário. (link para um novo sítio)
"
"Publicações dos atos no DEJT facilitou adesão ao Juízo 100% Digital, afirma advogado | Tribunal Regional do Trabalho da 12ª Região",https://portal.trt12.jus.br/node/13867,96.08%,25,49,"1.2 Organizar o código HTML de forma lógica e semântica.(link para um novo sítio)
1.7 Separar links adjacentes.(link para um novo sítio)
","1.1 Respeitar os Padrões Web. (link para um novo sítio)
1.2 Organizar o código HTML de forma lógica e semântica. (link para um novo sítio)
1.4 Ordenar de forma lógica e intuitiva a leitura e tabulação. (link para um novo sítio)
","2.1 Disponibilizar todas as funções da página via teclado.(link para um novo sítio)
","2.2 Garantir que os objetos programáveis sejam acessíveis. (link para um novo sítio)
","3.5 Descrever links clara e sucintamente.(link para um novo sítio)
3.6 Fornecer alternativa em texto para as imagens do sítio.(link para um novo sítio)
","3.5 Descrever links clara e sucintamente. (link para um novo sítio)
3.6 Fornecer alternativa em texto para as imagens do sítio. (link para um novo sítio)
",,"
",,"
",,"6.7 Agrupar campos de formulário. (link para um novo sítio)
"
Suspensão de Prazos | Tribunal Regional do Trabalho da 12ª Região,https://portal.trt12.jus.br/SuspensaodePrazos,99.86%,4,50,,"1.1 Respeitar os Padrões Web. (link para um novo sítio)
1.2 Organizar o código HTML de forma lógica e semântica. (link para um novo sítio)
1.4 Ordenar de forma lógica e intuitiva a leitura e tabulação. (link para um novo sítio)
1.6 Não utilizar tabelas para diagramação. (link para um novo sítio)
","2.1 Disponibilizar todas as funções da página via teclado.(link para um novo sítio)
","2.2 Garantir que os objetos programáveis sejam acessíveis. (link para um novo sítio)
","3.5 Descrever links clara e sucintamente.(link para um novo sítio)
3.6 Fornecer alternativa em texto para as imagens do sítio.(link para um novo sítio)
3.10 Associar células de dados às células de cabeçalho.(link para um novo sítio)
","3.5 Descrever links clara e sucintamente. (link para um novo sítio)
3.6 Fornecer alternativa em texto para as imagens do sítio. (link para um novo sítio)
",,"
",,"
",,"6.7 Agrupar campos de formulário. (link para um novo sítio)
"
TRT-12 realiza primeira sessão de julgamento após nova recomendação da Corregedoria-Geral | Tribunal Regional do Trabalho da 12ª Região,https://portal.trt12.jus.br/node/13906,96%,25,50,"1.2 Organizar o código HTML de forma lógica e semântica.(link para um novo sítio)
1.7 Separar links adjacentes.(link para um novo sítio)
","1.1 Respeitar os Padrões Web. (link para um novo sítio)
1.2 Organizar o código HTML de forma lógica e semântica. (link para um novo sítio)
1.4 Ordenar de forma lógica e intuitiva a leitura e tabulação. (link para um novo sítio)
","2.1 Disponibilizar todas as funções da página via teclado.(link para um novo sítio)
","2.2 Garantir que os objetos programáveis sejam acessíveis. (link para um novo sítio)
","3.5 Descrever links clara e sucintamente.(link para um novo sítio)
3.6 Fornecer alternativa em texto para as imagens do sítio.(link para um novo sítio)
","3.5 Descrever links clara e sucintamente. (link para um novo sítio)
3.6 Fornecer alternativa em texto para as imagens do sítio. (link para um novo sítio)
",,"
",,"
",,"6.7 Agrupar campos de formulário. (link para um novo sítio)
"
Licitações e Contratos | Tribunal Regional do Trabalho da 12ª Região,https://portal.trt12.jus.br/licitacoes-e-contratos,99.82%,14,58,"1.7 Separar links adjacentes.(link para um novo sítio)
","1.1 Respeitar os Padrões Web. (link para um novo sítio)
1.2 Organizar o código HTML de forma lógica e semântica. (link para um novo sítio)
1.4 Ordenar de forma lógica e intuitiva a leitura e tabulação. (link para um novo sítio)
","2.1 Disponibilizar todas as funções da página via teclado.(link para um novo sítio)
","2.2 Garantir que os objetos programáveis sejam acessíveis. (link para um novo sítio)
","3.5 Descrever links clara e sucintamente.(link para um novo sítio)
3.6 Fornecer alternativa em texto para as imagens do sítio.(link para um novo sítio)
","3.5 Descrever links clara e sucintamente. (link para um novo sítio)
3.6 Fornecer alternativa em texto para as imagens do sítio. (link para um novo sítio)
",,"
",,"
",,"6.7 Agrupar campos de formulário. (link para um novo sítio)
"
Centro de Inteligência disponibiliza canal para receber sugestões de temas de estudo | Tribunal Regional do Trabalho da 12ª Região,https://portal.trt12.jus.br/noticias/centro-de-inteligencia-do-trt-12-disponibiliza-canal-para-receber-sugestoes-de-temas-de,96.68%,19,46,"1.2 Organizar o código HTML de forma lógica e semântica.(link para um novo sítio)
1.7 Separar links adjacentes.(link para um novo sítio)
","1.1 Respeitar os Padrões Web. (link para um novo sítio)
1.2 Organizar o código HTML de forma lógica e semântica. (link para um novo sítio)
1.4 Ordenar de forma lógica e intuitiva a leitura e tabulação. (link para um novo sítio)
","2.1 Disponibilizar todas as funções da página via teclado.(link para um novo sítio)
","2.2 Garantir que os objetos programáveis sejam acessíveis. (link para um novo sítio)
","3.5 Descrever links clara e sucintamente.(link para um novo sítio)
3.6 Fornecer alternativa em texto para as imagens do sítio.(link para um novo sítio)
","3.5 Descrever links clara e sucintamente. (link para um novo sítio)
3.6 Fornecer alternativa em texto para as imagens do sítio. (link para um novo sítio)
",,"
",,"
",,"6.7 Agrupar campos de formulário. (link para um novo sítio)
"
EVENTOS E AÇÕES | Tribunal Regional do Trabalho da 12ª Região,https://portal.trt12.jus.br/eventoseacoes,96.72%,4,42,"1.2 Organizar o código HTML de forma lógica e semântica.(link para um novo sítio)
","1.1 Respeitar os Padrões Web. (link para um novo sítio)
1.2 Organizar o código HTML de forma lógica e semântica. (link para um novo sítio)
1.4 Ordenar de forma lógica e intuitiva a leitura e tabulação. (link para um novo sítio)
","2.1 Disponibilizar todas as funções da página via teclado.(link para um novo sítio)
","2.2 Garantir que os objetos programáveis sejam acessíveis. (link para um novo sítio)
","3.5 Descrever links clara e sucintamente.(link para um novo sítio)
3.6 Fornecer alternativa em texto para as imagens do sítio.(link para um novo sítio)
","3.5 Descrever links clara e sucintamente. (link para um novo sítio)
3.6 Fornecer alternativa em texto para as imagens do sítio. (link para um novo sítio)
",,"
",,"
",,"6.7 Agrupar campos de formulário. (link para um novo sítio)
"
Centro de Inteligência | Tribunal Regional do Trabalho da 12ª Região,https://portal.trt12.jus.br/centro-de-inteligencia,99.87%,3,51,,"1.1 Respeitar os Padrões Web. (link para um novo sítio)
1.2 Organizar o código HTML de forma lógica e semântica. (link para um novo sítio)
1.4 Ordenar de forma lógica e intuitiva a leitura e tabulação. (link para um novo sítio)
1.9 Não abrir novas instâncias sem a solicitação do usuário. (link para um novo sítio)
","2.1 Disponibilizar todas as funções da página via teclado.(link para um novo sítio)
","2.2 Garantir que os objetos programáveis sejam acessíveis. (link para um novo sítio)
","3.5 Descrever links clara e sucintamente.(link para um novo sítio)
3.6 Fornecer alternativa em texto para as imagens do sítio.(link para um novo sítio)
","3.5 Descrever links clara e sucintamente. (link para um novo sítio)
3.6 Fornecer alternativa em texto para as imagens do sítio. (link para um novo sítio)
",,"
",,"
",,"6.7 Agrupar campos de formulário. (link para um novo sítio)
"
Redes Sociais | Tribunal Regional do Trabalho da 12ª Região,https://portal.trt12.jus.br/redes-sociais,99.92%,8,56,,"1.1 Respeitar os Padrões Web. (link para um novo sítio)
1.2 Organizar o código HTML de forma lógica e semântica. (link para um novo sítio)
1.4 Ordenar de forma lógica e intuitiva a leitura e tabulação. (link para um novo sítio)
1.9 Não abrir novas instâncias sem a solicitação do usuário. (link para um novo sítio)
","2.1 Disponibilizar todas as funções da página via teclado.(link para um novo sítio)
","2.2 Garantir que os objetos programáveis sejam acessíveis. (link para um novo sítio)
","3.5 Descrever links clara e sucintamente.(link para um novo sítio)
3.6 Fornecer alternativa em texto para as imagens do sítio.(link para um novo sítio)
","3.5 Descrever links clara e sucintamente. (link para um novo sítio)
3.6 Fornecer alternativa em texto para as imagens do sítio. (link para um novo sítio)
",,"
",,"
",,"6.7 Agrupar campos de formulário. (link para um novo sítio)
"
Setor de Biblioteca | Tribunal Regional do Trabalho da 12ª Região,https://portal.trt12.jus.br/biblioteca,94.05%,9,59,,"1.1 Respeitar os Padrões Web. (link para um novo sítio)
1.2 Organizar o código HTML de forma lógica e semântica. (link para um novo sítio)
1.4 Ordenar de forma lógica e intuitiva a leitura e tabulação. (link para um novo sítio)
1.6 Não utilizar tabelas para diagramação. (link para um novo sítio)
","2.1 Disponibilizar todas as funções da página via teclado.(link para um novo sítio)
","2.2 Garantir que os objetos programáveis sejam acessíveis. (link para um novo sítio)
","3.5 Descrever links clara e sucintamente.(link para um novo sítio)
3.6 Fornecer alternativa em texto para as imagens do sítio.(link para um novo sítio)
3.10 Associar células de dados às células de cabeçalho.(link para um novo sítio)
","3.5 Descrever links clara e sucintamente. (link para um novo sítio)
3.6 Fornecer alternativa em texto para as imagens do sítio. (link para um novo sítio)
3.9 Em tabelas, utilizar títulos e resumos de forma apropriada. (link para um novo sítio)
",,"
",,"
",,"6.7 Agrupar campos de formulário. (link para um novo sítio)
"
Fale Conosco | Tribunal Regional do Trabalho da 12ª Região,https://portal.trt12.jus.br/fale-conosco,99.84%,8,41,,"1.1 Respeitar os Padrões Web. (link para um novo sítio)
1.2 Organizar o código HTML de forma lógica e semântica. (link para um novo sítio)
1.4 Ordenar de forma lógica e intuitiva a leitura e tabulação. (link para um novo sítio)
","2.1 Disponibilizar todas as funções da página via teclado.(link para um novo sítio)
","2.2 Garantir que os objetos programáveis sejam acessíveis. (link para um novo sítio)
","3.5 Descrever links clara e sucintamente.(link para um novo sítio)
3.6 Fornecer alternativa em texto para as imagens do sítio.(link para um novo sítio)
","3.5 Descrever links clara e sucintamente. (link para um novo sítio)
3.6 Fornecer alternativa em texto para as imagens do sítio. (link para um novo sítio)
",,"
",,"
",,"6.7 Agrupar campos de formulário. (link para um novo sítio)
"
Sexec - Provas Digitais | Tribunal Regional do Trabalho da 12ª Região,https://portal.trt12.jus.br/sexec-estrutura/provas-digitais,96.72%,5,42,"1.2 Organizar o código HTML de forma lógica e semântica.(link para um novo sítio)
","1.1 Respeitar os Padrões Web. (link para um novo sítio)
1.2 Organizar o código HTML de forma lógica e semântica. (link para um novo sítio)
1.4 Ordenar de forma lógica e intuitiva a leitura e tabulação. (link para um novo sítio)
","2.1 Disponibilizar todas as funções da página via teclado.(link para um novo sítio)
","2.2 Garantir que os objetos programáveis sejam acessíveis. (link para um novo sítio)
","3.5 Descrever links clara e sucintamente.(link para um novo sítio)
3.6 Fornecer alternativa em texto para as imagens do sítio.(link para um novo sítio)
","3.5 Descrever links clara e sucintamente. (link para um novo sítio)
3.6 Fornecer alternativa em texto para as imagens do sítio. (link para um novo sítio)
",,"
",,"
",,"6.7 Agrupar campos de formulário. (link para um novo sítio)
"
CONCILIAÇÃO | Tribunal Regional do Trabalho da 12ª Região,https://portal.trt12.jus.br/conciliacao,90.37%,16,76,"1.2 Organizar o código HTML de forma lógica e semântica.(link para um novo sítio)
1.3 Utilizar corretamente os níveis de cabeçalho.(link para um novo sítio)
","1.1 Respeitar os Padrões Web. (link para um novo sítio)
1.2 Organizar o código HTML de forma lógica e semântica. (link para um novo sítio)
1.4 Ordenar de forma lógica e intuitiva a leitura e tabulação. (link para um novo sítio)
","2.1 Disponibilizar todas as funções da página via teclado.(link para um novo sítio)
","2.2 Garantir que os objetos programáveis sejam acessíveis. (link para um novo sítio)
","3.5 Descrever links clara e sucintamente.(link para um novo sítio)
3.6 Fornecer alternativa em texto para as imagens do sítio.(link para um novo sítio)
","3.5 Descrever links clara e sucintamente. (link para um novo sítio)
3.6 Fornecer alternativa em texto para as imagens do sítio. (link para um novo sítio)
",,"
",,"
",,"6.7 Agrupar campos de formulário. (link para um novo sítio)
"
Carta de Serviços - Todos os Serviços | Tribunal Regional do Trabalho da 12ª Região,https://portal.trt12.jus.br/carta-de-servicos/todos-os-servicos,99.84%,9,39,,"1.1 Respeitar os Padrões Web. (link para um novo sítio)
1.2 Organizar o código HTML de forma lógica e semântica. (link para um novo sítio)
1.4 Ordenar de forma lógica e intuitiva a leitura e tabulação. (link para um novo sítio)
","2.1 Disponibilizar todas as funções da página via teclado.(link para um novo sítio)
","2.2 Garantir que os objetos programáveis sejam acessíveis. (link para um novo sítio)
","3.5 Descrever links clara e sucintamente.(link para um novo sítio)
3.6 Fornecer alternativa em texto para as imagens do sítio.(link para um novo sítio)
","3.5 Descrever links clara e sucintamente. (link para um novo sítio)
3.6 Fornecer alternativa em texto para as imagens do sítio. (link para um novo sítio)
",,"
",,"
",,"6.7 Agrupar campos de formulário. (link para um novo sítio)
"
Manual da Logomarca | Tribunal Regional do Trabalho da 12ª Região,https://portal.trt12.jus.br/manual-identidade-visual,99.84%,8,40,,"1.1 Respeitar os Padrões Web. (link para um novo sítio)
1.2 Organizar o código HTML de forma lógica e semântica. (link para um novo sítio)
1.4 Ordenar de forma lógica e intuitiva a leitura e tabulação. (link para um novo sítio)
","2.1 Disponibilizar todas as funções da página via teclado.(link para um novo sítio)
","2.2 Garantir que os objetos programáveis sejam acessíveis. (link para um novo sítio)
","3.5 Descrever links clara e sucintamente.(link para um novo sítio)
3.6 Fornecer alternativa em texto para as imagens do sítio.(link para um novo sítio)
","3.5 Descrever links clara e sucintamente. (link para um novo sítio)
3.6 Fornecer alternativa em texto para as imagens do sítio. (link para um novo sítio)
",,"
",,"
",,"6.7 Agrupar campos de formulário. (link para um novo sítio)
"
Gestão de Pessoas - Portal da Transparência | Tribunal Regional do Trabalho da 12ª Região,https://portal.trt12.jus.br/gestaodepessoas,99.48%,14,62,,"1.1 Respeitar os Padrões Web. (link para um novo sítio)
1.2 Organizar o código HTML de forma lógica e semântica. (link para um novo sítio)
1.4 Ordenar de forma lógica e intuitiva a leitura e tabulação. (link para um novo sítio)
","2.1 Disponibilizar todas as funções da página via teclado.(link para um novo sítio)
","2.2 Garantir que os objetos programáveis sejam acessíveis. (link para um novo sítio)
","3.5 Descrever links clara e sucintamente.(link para um novo sítio)
3.6 Fornecer alternativa em texto para as imagens do sítio.(link para um novo sítio)
3.11 Garantir a leitura e compreensão das informações.(link para um novo sítio)
","3.5 Descrever links clara e sucintamente. (link para um novo sítio)
3.6 Fornecer alternativa em texto para as imagens do sítio. (link para um novo sítio)
",,"
",,"
",,"6.7 Agrupar campos de formulário. (link para um novo sítio)
"
Política de Privacidade | Tribunal Regional do Trabalho da 12ª Região,https://portal.trt12.jus.br/lgpd/politica-de-privacidade,95.39%,4,118,"1.3 Utilizar corretamente os níveis de cabeçalho.(link para um novo sítio)
","1.1 Respeitar os Padrões Web. (link para um novo sítio)
1.2 Organizar o código HTML de forma lógica e semântica. (link para um novo sítio)
1.4 Ordenar de forma lógica e intuitiva a leitura e tabulação. (link para um novo sítio)
","2.1 Disponibilizar todas as funções da página via teclado.(link para um novo sítio)
","2.2 Garantir que os objetos programáveis sejam acessíveis. (link para um novo sítio)
","3.5 Descrever links clara e sucintamente.(link para um novo sítio)
3.6 Fornecer alternativa em texto para as imagens do sítio.(link para um novo sítio)
","3.5 Descrever links clara e sucintamente. (link para um novo sítio)
3.6 Fornecer alternativa em texto para as imagens do sítio. (link para um novo sítio)
",,"
",,"
",,"6.7 Agrupar campos de formulário. (link para um novo sítio)
"
Planejamento Estratégico | Tribunal Regional do Trabalho da 12ª Região,https://portal.trt12.jus.br/Planejamento_Estrategico,99.87%,4,50,,"1.1 Respeitar os Padrões Web. (link para um novo sítio)
1.2 Organizar o código HTML de forma lógica e semântica. (link para um novo sítio)
1.4 Ordenar de forma lógica e intuitiva a leitura e tabulação. (link para um novo sítio)
","2.1 Disponibilizar todas as funções da página via teclado.(link para um novo sítio)
","2.2 Garantir que os objetos programáveis sejam acessíveis. (link para um novo sítio)
","3.5 Descrever links clara e sucintamente.(link para um novo sítio)
3.6 Fornecer alternativa em texto para as imagens do sítio.(link para um novo sítio)
","3.5 Descrever links clara e sucintamente. (link para um novo sítio)
3.6 Fornecer alternativa em texto para as imagens do sítio. (link para um novo sítio)
",,"
",,"
",,"6.7 Agrupar campos de formulário. (link para um novo sítio)
"
Orçamento e Finanças - Portal da Transparência | Tribunal Regional do Trabalho da 12ª Região,https://portal.trt12.jus.br/orcamentoefinancas,99.83%,12,39,,"1.1 Respeitar os Padrões Web. (link para um novo sítio)
1.2 Organizar o código HTML de forma lógica e semântica. (link para um novo sítio)
1.4 Ordenar de forma lógica e intuitiva a leitura e tabulação. (link para um novo sítio)
","2.1 Disponibilizar todas as funções da página via teclado.(link para um novo sítio)
","2.2 Garantir que os objetos programáveis sejam acessíveis. (link para um novo sítio)
","3.5 Descrever links clara e sucintamente.(link para um novo sítio)
3.6 Fornecer alternativa em texto para as imagens do sítio.(link para um novo sítio)
","3.5 Descrever links clara e sucintamente. (link para um novo sítio)
3.6 Fornecer alternativa em texto para as imagens do sítio. (link para um novo sítio)
",,"
",,"
",,"6.7 Agrupar campos de formulário. (link para um novo sítio)
"
"IMÓVEIS, PROJETOS E OBRAS | Tribunal Regional do Trabalho da 12ª Região",https://portal.trt12.jus.br/transparencia/obras-e-projetos,90.93%,20,73,"1.3 Utilizar corretamente os níveis de cabeçalho.(link para um novo sítio)
","1.1 Respeitar os Padrões Web. (link para um novo sítio)
1.2 Organizar o código HTML de forma lógica e semântica. (link para um novo sítio)
1.4 Ordenar de forma lógica e intuitiva a leitura e tabulação. (link para um novo sítio)
1.6 Não utilizar tabelas para diagramação. (link para um novo sítio)
1.9 Não abrir novas instâncias sem a solicitação do usuário. (link para um novo sítio)
","2.1 Disponibilizar todas as funções da página via teclado.(link para um novo sítio)
","2.2 Garantir que os objetos programáveis sejam acessíveis. (link para um novo sítio)
","3.5 Descrever links clara e sucintamente.(link para um novo sítio)
3.6 Fornecer alternativa em texto para as imagens do sítio.(link para um novo sítio)
3.10 Associar células de dados às células de cabeçalho.(link para um novo sítio)
","3.5 Descrever links clara e sucintamente. (link para um novo sítio)
3.6 Fornecer alternativa em texto para as imagens do sítio. (link para um novo sítio)
3.9 Em tabelas, utilizar títulos e resumos de forma apropriada. (link para um novo sítio)
",,"
",,"
",,"6.7 Agrupar campos de formulário. (link para um novo sítio)
"
Home Extranet | Tribunal Regional do Trabalho da 12ª Região,https://portal.trt12.jus.br,95.67%,15,272,"1.2 Organizar o código HTML de forma lógica e semântica.(link para um novo sítio)
","1.1 Respeitar os Padrões Web. (link para um novo sítio)
1.2 Organizar o código HTML de forma lógica e semântica. (link para um novo sítio)
1.4 Ordenar de forma lógica e intuitiva a leitura e tabulação. (link para um novo sítio)
","2.1 Disponibilizar todas as funções da página via teclado.(link para um novo sítio)
","2.2 Garantir que os objetos programáveis sejam acessíveis. (link para um novo sítio)
","3.5 Descrever links clara e sucintamente.(link para um novo sítio)
3.6 Fornecer alternativa em texto para as imagens do sítio.(link para um novo sítio)
","3.5 Descrever links clara e sucintamente. (link para um novo sítio)
3.6 Fornecer alternativa em texto para as imagens do sítio. (link para um novo sítio)
",,"
",,"
",,"6.1 Fornecer alternativa em texto para os botões de imagem de formulários. (link para um novo sítio)
6.7 Agrupar campos de formulário. (link para um novo sítio)
"
Corregedoria Leiloeiros | Tribunal Regional do Trabalho da 12ª Região,https://portal.trt12.jus.br/corregedoria/leiloeiros,99.87%,5,53,,"1.1 Respeitar os Padrões Web. (link para um novo sítio)
1.2 Organizar o código HTML de forma lógica e semântica. (link para um novo sítio)
1.4 Ordenar de forma lógica e intuitiva a leitura e tabulação. (link para um novo sítio)
1.9 Não abrir novas instâncias sem a solicitação do usuário. (link para um novo sítio)
","2.1 Disponibilizar todas as funções da página via teclado.(link para um novo sítio)
","2.2 Garantir que os objetos programáveis sejam acessíveis. (link para um novo sítio)
","3.5 Descrever links clara e sucintamente.(link para um novo sítio)
3.6 Fornecer alternativa em texto para as imagens do sítio.(link para um novo sítio)
","3.5 Descrever links clara e sucintamente. (link para um novo sítio)
3.6 Fornecer alternativa em texto para as imagens do sítio. (link para um novo sítio)
",,"
",,"
",,"6.7 Agrupar campos de formulário. (link para um novo sítio)
"
Carta de Serviços - Visitação pública | Tribunal Regional do Trabalho da 12ª Região,https://portal.trt12.jus.br/carta-de-servicos/visitacao-publica,99.95%,3,54,,"1.1 Respeitar os Padrões Web. (link para um novo sítio)
1.2 Organizar o código HTML de forma lógica e semântica. (link para um novo sítio)
1.4 Ordenar de forma lógica e intuitiva a leitura e tabulação. (link para um novo sítio)
1.6 Não utilizar tabelas para diagramação. (link para um novo sítio)
","2.1 Disponibilizar todas as funções da página via teclado.(link para um novo sítio)
","2.2 Garantir que os objetos programáveis sejam acessíveis. (link para um novo sítio)
","3.5 Descrever links clara e sucintamente.(link para um novo sítio)
3.6 Fornecer alternativa em texto para as imagens do sítio.(link para um novo sítio)
","3.5 Descrever links clara e sucintamente. (link para um novo sítio)
3.6 Fornecer alternativa em texto para as imagens do sítio. (link para um novo sítio)
3.9 Em tabelas, utilizar títulos e resumos de forma apropriada. (link para um novo sítio)
",,"
",,"
",,"6.7 Agrupar campos de formulário. (link para um novo sítio)
"
Notícias | Tribunal Regional do Trabalho da 12ª Região,https://portal.trt12.jus.br/noticias,95.38%,9,43,"1.3 Utilizar corretamente os níveis de cabeçalho.(link para um novo sítio)
","1.1 Respeitar os Padrões Web. (link para um novo sítio)
1.2 Organizar o código HTML de forma lógica e semântica. (link para um novo sítio)
1.4 Ordenar de forma lógica e intuitiva a leitura e tabulação. (link para um novo sítio)
","2.1 Disponibilizar todas as funções da página via teclado.(link para um novo sítio)
","2.2 Garantir que os objetos programáveis sejam acessíveis. (link para um novo sítio)
","3.5 Descrever links clara e sucintamente.(link para um novo sítio)
3.6 Fornecer alternativa em texto para as imagens do sítio.(link para um novo sítio)
","3.5 Descrever links clara e sucintamente. (link para um novo sítio)
3.6 Fornecer alternativa em texto para as imagens do sítio. (link para um novo sítio)
",,"
",,"
",,"6.7 Agrupar campos de formulário. (link para um novo sítio)
"
Início - transparência | Tribunal Regional do Trabalho da 12ª Região,https://portal.trt12.jus.br/transparencia,99.83%,12,54,,"1.1 Respeitar os Padrões Web. (link para um novo sítio)
1.2 Organizar o código HTML de forma lógica e semântica. (link para um novo sítio)
1.4 Ordenar de forma lógica e intuitiva a leitura e tabulação. (link para um novo sítio)
1.9 Não abrir novas instâncias sem a solicitação do usuário. (link para um novo sítio)
","2.1 Disponibilizar todas as funções da página via teclado.(link para um novo sítio)
","2.2 Garantir que os objetos programáveis sejam acessíveis. (link para um novo sítio)
","3.5 Descrever links clara e sucintamente.(link para um novo sítio)
3.6 Fornecer alternativa em texto para as imagens do sítio.(link para um novo sítio)
","3.5 Descrever links clara e sucintamente. (link para um novo sítio)
3.6 Fornecer alternativa em texto para as imagens do sítio. (link para um novo sítio)
",,"
",,"
",,"6.7 Agrupar campos de formulário. (link para um novo sítio)
"
Quem somos | Tribunal Regional do Trabalho da 12ª Região,https://portal.trt12.jus.br/quem-somos,99.85%,3,45,,"1.1 Respeitar os Padrões Web. (link para um novo sítio)
1.2 Organizar o código HTML de forma lógica e semântica. (link para um novo sítio)
1.4 Ordenar de forma lógica e intuitiva a leitura e tabulação. (link para um novo sítio)
","2.1 Disponibilizar todas as funções da página via teclado.(link para um novo sítio)
","2.2 Garantir que os objetos programáveis sejam acessíveis. (link para um novo sítio)
","3.5 Descrever links clara e sucintamente.(link para um novo sítio)
3.6 Fornecer alternativa em texto para as imagens do sítio.(link para um novo sítio)
","3.5 Descrever links clara e sucintamente. (link para um novo sítio)
3.6 Fornecer alternativa em texto para as imagens do sítio. (link para um novo sítio)
",,"
",,"
",,"6.7 Agrupar campos de formulário. (link para um novo sítio)
"
Diários Eletrônicos - DEJT e DOE | Tribunal Regional do Trabalho da 12ª Região,https://portal.trt12.jus.br/diarios-eletronicos,94.97%,14,83,"1.3 Utilizar corretamente os níveis de cabeçalho.(link para um novo sítio)
","1.1 Respeitar os Padrões Web. (link para um novo sítio)
1.2 Organizar o código HTML de forma lógica e semântica. (link para um novo sítio)
1.4 Ordenar de forma lógica e intuitiva a leitura e tabulação. (link para um novo sítio)
","2.1 Disponibilizar todas as funções da página via teclado.(link para um novo sítio)
","2.2 Garantir que os objetos programáveis sejam acessíveis. (link para um novo sítio)
","3.5 Descrever links clara e sucintamente.(link para um novo sítio)
3.6 Fornecer alternativa em texto para as imagens do sítio.(link para um novo sítio)
3.11 Garantir a leitura e compreensão das informações.(link para um novo sítio)
","3.5 Descrever links clara e sucintamente. (link para um novo sítio)
3.6 Fornecer alternativa em texto para as imagens do sítio. (link para um novo sítio)
",,"
",,"
",,"6.7 Agrupar campos de formulário. (link para um novo sítio)
"
Tribunal Regional do Trabalho da 12ª Região,https://portal.trt12.jus.br/caslogin,81.92%,10,6,"1.3 Utilizar corretamente os níveis de cabeçalho.(link para um novo sítio)
1.5 Fornecer âncoras para ir direto a um bloco de conteúdo.(link para um novo sítio)
","1.1 Respeitar os Padrões Web. (link para um novo sítio)
1.2 Organizar o código HTML de forma lógica e semântica. (link para um novo sítio)
","2.1 Disponibilizar todas as funções da página via teclado.(link para um novo sítio)
2.2 Garantir que os objetos programáveis sejam acessíveis.(link para um novo sítio)
","2.2 Garantir que os objetos programáveis sejam acessíveis. (link para um novo sítio)
","3.1 Identificar o idioma principal da página.(link para um novo sítio)
3.5 Descrever links clara e sucintamente.(link para um novo sítio)
3.6 Fornecer alternativa em texto para as imagens do sítio.(link para um novo sítio)
","
",,"
",,"
",,"6.7 Agrupar campos de formulário. (link para um novo sítio)
"
Direitos do Titular | Tribunal Regional do Trabalho da 12ª Região,https://portal.trt12.jus.br/ouvidoria-direitos-do-titular,99.84%,9,39,,"1.1 Respeitar os Padrões Web. (link para um novo sítio)
1.2 Organizar o código HTML de forma lógica e semântica. (link para um novo sítio)
1.4 Ordenar de forma lógica e intuitiva a leitura e tabulação. (link para um novo sítio)
","2.1 Disponibilizar todas as funções da página via teclado.(link para um novo sítio)
","2.2 Garantir que os objetos programáveis sejam acessíveis. (link para um novo sítio)
","3.5 Descrever links clara e sucintamente.(link para um novo sítio)
3.6 Fornecer alternativa em texto para as imagens do sítio.(link para um novo sítio)
","3.5 Descrever links clara e sucintamente. (link para um novo sítio)
3.6 Fornecer alternativa em texto para as imagens do sítio. (link para um novo sítio)
",,"
",,"
",,"6.7 Agrupar campos de formulário. (link para um novo sítio)
"
USAMB - Socioambiental | Tribunal Regional do Trabalho da 12ª Região,https://portal.trt12.jus.br/socioambiental,95.83%,12,73,"1.2 Organizar o código HTML de forma lógica e semântica.(link para um novo sítio)
","1.1 Respeitar os Padrões Web. (link para um novo sítio)
1.2 Organizar o código HTML de forma lógica e semântica. (link para um novo sítio)
1.4 Ordenar de forma lógica e intuitiva a leitura e tabulação. (link para um novo sítio)
","2.1 Disponibilizar todas as funções da página via teclado.(link para um novo sítio)
","2.2 Garantir que os objetos programáveis sejam acessíveis. (link para um novo sítio)
","3.5 Descrever links clara e sucintamente.(link para um novo sítio)
3.6 Fornecer alternativa em texto para as imagens do sítio.(link para um novo sítio)
","3.5 Descrever links clara e sucintamente. (link para um novo sítio)
3.6 Fornecer alternativa em texto para as imagens do sítio. (link para um novo sítio)
",,"
",,"
",,"6.7 Agrupar campos de formulário. (link para um novo sítio)
"
Sustentação Oral | Tribunal Regional do Trabalho da 12ª Região,https://portal.trt12.jus.br/servicos/sustentacao-oral,95.39%,4,45,"1.3 Utilizar corretamente os níveis de cabeçalho.(link para um novo sítio)
","1.1 Respeitar os Padrões Web. (link para um novo sítio)
1.2 Organizar o código HTML de forma lógica e semântica. (link para um novo sítio)
1.4 Ordenar de forma lógica e intuitiva a leitura e tabulação. (link para um novo sítio)
1.9 Não abrir novas instâncias sem a solicitação do usuário. (link para um novo sítio)
","2.1 Disponibilizar todas as funções da página via teclado.(link para um novo sítio)
","2.2 Garantir que os objetos programáveis sejam acessíveis. (link para um novo sítio)
","3.5 Descrever links clara e sucintamente.(link para um novo sítio)
3.6 Fornecer alternativa em texto para as imagens do sítio.(link para um novo sítio)
","3.5 Descrever links clara e sucintamente. (link para um novo sítio)
3.6 Fornecer alternativa em texto para as imagens do sítio. (link para um novo sítio)
",,"
",,"
",,"6.7 Agrupar campos de formulário. (link para um novo sítio)
"
Manual de Comunicação Social | Tribunal Regional do Trabalho da 12ª Região,https://portal.trt12.jus.br/secom/manual-de-comunicacao-social,99.86%,8,41,,"1.1 Respeitar os Padrões Web. (link para um novo sítio)
1.2 Organizar o código HTML de forma lógica e semântica. (link para um novo sítio)
1.4 Ordenar de forma lógica e intuitiva a leitura e tabulação. (link para um novo sítio)
","2.1 Disponibilizar todas as funções da página via teclado.(link para um novo sítio)
","2.2 Garantir que os objetos programáveis sejam acessíveis. (link para um novo sítio)
","3.5 Descrever links clara e sucintamente.(link para um novo sítio)
3.6 Fornecer alternativa em texto para as imagens do sítio.(link para um novo sítio)
","3.5 Descrever links clara e sucintamente. (link para um novo sítio)
3.6 Fornecer alternativa em texto para as imagens do sítio. (link para um novo sítio)
",,"
",,"
",,"6.7 Agrupar campos de formulário. (link para um novo sítio)
"
Regulamentação | Tribunal Regional do Trabalho da 12ª Região,https://portal.trt12.jus.br/ouvidoria-regulamentacao,99.84%,9,39,,"1.1 Respeitar os Padrões Web. (link para um novo sítio)
1.2 Organizar o código HTML de forma lógica e semântica. (link para um novo sítio)
1.4 Ordenar de forma lógica e intuitiva a leitura e tabulação. (link para um novo sítio)
","2.1 Disponibilizar todas as funções da página via teclado.(link para um novo sítio)
","2.2 Garantir que os objetos programáveis sejam acessíveis. (link para um novo sítio)
","3.5 Descrever links clara e sucintamente.(link para um novo sítio)
3.6 Fornecer alternativa em texto para as imagens do sítio.(link para um novo sítio)
","3.5 Descrever links clara e sucintamente. (link para um novo sítio)
3.6 Fornecer alternativa em texto para as imagens do sítio. (link para um novo sítio)
",,"
",,"
",,"6.7 Agrupar campos de formulário. (link para um novo sítio)
"
Serviço de Informação ao Cidadão (SIC) | Tribunal Regional do Trabalho da 12ª Região,https://portal.trt12.jus.br/servico-de-informacoes,99.89%,9,43,,"1.1 Respeitar os Padrões Web. (link para um novo sítio)
1.2 Organizar o código HTML de forma lógica e semântica. (link para um novo sítio)
1.4 Ordenar de forma lógica e intuitiva a leitura e tabulação. (link para um novo sítio)
","2.1 Disponibilizar todas as funções da página via teclado.(link para um novo sítio)
","2.2 Garantir que os objetos programáveis sejam acessíveis. (link para um novo sítio)
","3.5 Descrever links clara e sucintamente.(link para um novo sítio)
3.6 Fornecer alternativa em texto para as imagens do sítio.(link para um novo sítio)
","3.5 Descrever links clara e sucintamente. (link para um novo sítio)
3.6 Fornecer alternativa em texto para as imagens do sítio. (link para um novo sítio)
",,"
",,"
",,"6.7 Agrupar campos de formulário. (link para um novo sítio)
"
SEDEP - Concurso Público 2017 | Tribunal Regional do Trabalho da 12ª Região,https://portal.trt12.jus.br/concurso-publico,99.84%,13,63,,"1.1 Respeitar os Padrões Web. (link para um novo sítio)
1.2 Organizar o código HTML de forma lógica e semântica. (link para um novo sítio)
1.4 Ordenar de forma lógica e intuitiva a leitura e tabulação. (link para um novo sítio)
","2.1 Disponibilizar todas as funções da página via teclado.(link para um novo sítio)
","2.2 Garantir que os objetos programáveis sejam acessíveis. (link para um novo sítio)
","3.5 Descrever links clara e sucintamente.(link para um novo sítio)
3.6 Fornecer alternativa em texto para as imagens do sítio.(link para um novo sítio)
","3.5 Descrever links clara e sucintamente. (link para um novo sítio)
3.6 Fornecer alternativa em texto para as imagens do sítio. (link para um novo sítio)
",,"
",,"
",,"6.7 Agrupar campos de formulário. (link para um novo sítio)
"
Estatística | Tribunal Regional do Trabalho da 12ª Região,https://portal.trt12.jus.br/estatistica,96.72%,5,48,"1.2 Organizar o código HTML de forma lógica e semântica.(link para um novo sítio)
","1.1 Respeitar os Padrões Web. (link para um novo sítio)
1.2 Organizar o código HTML de forma lógica e semântica. (link para um novo sítio)
1.4 Ordenar de forma lógica e intuitiva a leitura e tabulação. (link para um novo sítio)
","2.1 Disponibilizar todas as funções da página via teclado.(link para um novo sítio)
","2.2 Garantir que os objetos programáveis sejam acessíveis. (link para um novo sítio)
","3.5 Descrever links clara e sucintamente.(link para um novo sítio)
3.6 Fornecer alternativa em texto para as imagens do sítio.(link para um novo sítio)
","3.5 Descrever links clara e sucintamente. (link para um novo sítio)
3.6 Fornecer alternativa em texto para as imagens do sítio. (link para um novo sítio)
",,"
",,"
",,"6.7 Agrupar campos de formulário. (link para um novo sítio)
"
Política de Navegação | Tribunal Regional do Trabalho da 12ª Região,https://portal.trt12.jus.br/lgpd/politica-de-navegacao,95.39%,4,82,"1.3 Utilizar corretamente os níveis de cabeçalho.(link para um novo sítio)
","1.1 Respeitar os Padrões Web. (link para um novo sítio)
1.2 Organizar o código HTML de forma lógica e semântica. (link para um novo sítio)
1.4 Ordenar de forma lógica e intuitiva a leitura e tabulação. (link para um novo sítio)
","2.1 Disponibilizar todas as funções da página via teclado.(link para um novo sítio)
","2.2 Garantir que os objetos programáveis sejam acessíveis. (link para um novo sítio)
","3.5 Descrever links clara e sucintamente.(link para um novo sítio)
3.6 Fornecer alternativa em texto para as imagens do sítio.(link para um novo sítio)
","3.5 Descrever links clara e sucintamente. (link para um novo sítio)
3.6 Fornecer alternativa em texto para as imagens do sítio. (link para um novo sítio)
",,"
",,"
",,"6.7 Agrupar campos de formulário. (link para um novo sítio)
"
Programa de Combate ao Trabalho Infantil e de Estímulo à Aprendizagem | Tribunal Regional do Trabalho da 12ª Região,https://portal.trt12.jus.br/trabalhoinfantil,91.1%,16,98,"1.2 Organizar o código HTML de forma lógica e semântica.(link para um novo sítio)
1.7 Separar links adjacentes.(link para um novo sítio)
","1.1 Respeitar os Padrões Web. (link para um novo sítio)
1.2 Organizar o código HTML de forma lógica e semântica. (link para um novo sítio)
1.4 Ordenar de forma lógica e intuitiva a leitura e tabulação. (link para um novo sítio)
1.6 Não utilizar tabelas para diagramação. (link para um novo sítio)
","2.1 Disponibilizar todas as funções da página via teclado.(link para um novo sítio)
","2.2 Garantir que os objetos programáveis sejam acessíveis. (link para um novo sítio)
","3.5 Descrever links clara e sucintamente.(link para um novo sítio)
3.6 Fornecer alternativa em texto para as imagens do sítio.(link para um novo sítio)
3.10 Associar células de dados às células de cabeçalho.(link para um novo sítio)
","3.5 Descrever links clara e sucintamente. (link para um novo sítio)
3.6 Fornecer alternativa em texto para as imagens do sítio. (link para um novo sítio)
3.9 Em tabelas, utilizar títulos e resumos de forma apropriada. (link para um novo sítio)
",,"
",,"
",,"6.7 Agrupar campos de formulário. (link para um novo sítio)
"
Justiça do Trabalho Eletrônica (JTe) | Tribunal Regional do Trabalho da 12ª Região,https://portal.trt12.jus.br/justica-trabalho-eletronica,99.9%,5,46,,"1.1 Respeitar os Padrões Web. (link para um novo sítio)
1.2 Organizar o código HTML de forma lógica e semântica. (link para um novo sítio)
1.4 Ordenar de forma lógica e intuitiva a leitura e tabulação. (link para um novo sítio)
","2.1 Disponibilizar todas as funções da página via teclado.(link para um novo sítio)
","2.2 Garantir que os objetos programáveis sejam acessíveis. (link para um novo sítio)
","3.5 Descrever links clara e sucintamente.(link para um novo sítio)
3.6 Fornecer alternativa em texto para as imagens do sítio.(link para um novo sítio)
","3.5 Descrever links clara e sucintamente. (link para um novo sítio)
3.6 Fornecer alternativa em texto para as imagens do sítio. (link para um novo sítio)
",,"
",,"
",,"6.7 Agrupar campos de formulário. (link para um novo sítio)
"
DIFTAG - Visitação Pública | Tribunal Regional do Trabalho da 12ª Região,https://portal.trt12.jus.br/visitacaopublica,95.39%,4,50,"1.3 Utilizar corretamente os níveis de cabeçalho.(link para um novo sítio)
","1.1 Respeitar os Padrões Web. (link para um novo sítio)
1.2 Organizar o código HTML de forma lógica e semântica. (link para um novo sítio)
1.4 Ordenar de forma lógica e intuitiva a leitura e tabulação. (link para um novo sítio)
","2.1 Disponibilizar todas as funções da página via teclado.(link para um novo sítio)
","2.2 Garantir que os objetos programáveis sejam acessíveis. (link para um novo sítio)
","3.5 Descrever links clara e sucintamente.(link para um novo sítio)
3.6 Fornecer alternativa em texto para as imagens do sítio.(link para um novo sítio)
","3.5 Descrever links clara e sucintamente. (link para um novo sítio)
3.6 Fornecer alternativa em texto para as imagens do sítio. (link para um novo sítio)
",,"
",,"
",,"6.7 Agrupar campos de formulário. (link para um novo sítio)
"
Corregedor destaca índices de conciliação próximos de 90% em unidades do meio-oeste | Tribunal Regional do Trabalho da 12ª Região,https://portal.trt12.jus.br/noticias/corregedor-destaca-indices-de-conciliacao-proximos-de-90-nas-unidades-do-meio-oeste,96.17%,23,48,"1.2 Organizar o código HTML de forma lógica e semântica.(link para um novo sítio)
1.7 Separar links adjacentes.(link para um novo sítio)
","1.1 Respeitar os Padrões Web. (link para um novo sítio)
1.2 Organizar o código HTML de forma lógica e semântica. (link para um novo sítio)
1.4 Ordenar de forma lógica e intuitiva a leitura e tabulação. (link para um novo sítio)
","2.1 Disponibilizar todas as funções da página via teclado.(link para um novo sítio)
","2.2 Garantir que os objetos programáveis sejam acessíveis. (link para um novo sítio)
","3.5 Descrever links clara e sucintamente.(link para um novo sítio)
3.6 Fornecer alternativa em texto para as imagens do sítio.(link para um novo sítio)
","3.5 Descrever links clara e sucintamente. (link para um novo sítio)
3.6 Fornecer alternativa em texto para as imagens do sítio. (link para um novo sítio)
",,"
",,"
",,"6.7 Agrupar campos de formulário. (link para um novo sítio)
"
Cálculos Trabalhistas | Tribunal Regional do Trabalho da 12ª Região,https://portal.trt12.jus.br/calculostrabalhistas,99.85%,3,45,,"1.1 Respeitar os Padrões Web. (link para um novo sítio)
1.2 Organizar o código HTML de forma lógica e semântica. (link para um novo sítio)
1.4 Ordenar de forma lógica e intuitiva a leitura e tabulação. (link para um novo sítio)
","2.1 Disponibilizar todas as funções da página via teclado.(link para um novo sítio)
","2.2 Garantir que os objetos programáveis sejam acessíveis. (link para um novo sítio)
","3.5 Descrever links clara e sucintamente.(link para um novo sítio)
3.6 Fornecer alternativa em texto para as imagens do sítio.(link para um novo sítio)
","3.5 Descrever links clara e sucintamente. (link para um novo sítio)
3.6 Fornecer alternativa em texto para as imagens do sítio. (link para um novo sítio)
",,"
",,"
",,"6.7 Agrupar campos de formulário. (link para um novo sítio)
"
Reunião de execuções e parcelamento de dívidas | Tribunal Regional do Trabalho da 12ª Região,https://portal.trt12.jus.br/reuniao-de-execucoes,96.73%,7,249,"1.2 Organizar o código HTML de forma lógica e semântica.(link para um novo sítio)
1.7 Separar links adjacentes.(link para um novo sítio)
","1.1 Respeitar os Padrões Web. (link para um novo sítio)
1.2 Organizar o código HTML de forma lógica e semântica. (link para um novo sítio)
1.4 Ordenar de forma lógica e intuitiva a leitura e tabulação. (link para um novo sítio)
","2.1 Disponibilizar todas as funções da página via teclado.(link para um novo sítio)
","2.2 Garantir que os objetos programáveis sejam acessíveis. (link para um novo sítio)
","3.5 Descrever links clara e sucintamente.(link para um novo sítio)
3.6 Fornecer alternativa em texto para as imagens do sítio.(link para um novo sítio)
","3.5 Descrever links clara e sucintamente. (link para um novo sítio)
3.6 Fornecer alternativa em texto para as imagens do sítio. (link para um novo sítio)
",,"
",,"
",,"6.7 Agrupar campos de formulário. (link para um novo sítio)
"
Governança | Tribunal Regional do Trabalho da 12ª Região,https://portal.trt12.jus.br/transparencia/governanca,99.83%,12,39,,"1.1 Respeitar os Padrões Web. (link para um novo sítio)
1.2 Organizar o código HTML de forma lógica e semântica. (link para um novo sítio)
1.4 Ordenar de forma lógica e intuitiva a leitura e tabulação. (link para um novo sítio)
","2.1 Disponibilizar todas as funções da página via teclado.(link para um novo sítio)
","2.2 Garantir que os objetos programáveis sejam acessíveis. (link para um novo sítio)
","3.5 Descrever links clara e sucintamente.(link para um novo sítio)
3.6 Fornecer alternativa em texto para as imagens do sítio.(link para um novo sítio)
","3.5 Descrever links clara e sucintamente. (link para um novo sítio)
3.6 Fornecer alternativa em texto para as imagens do sítio. (link para um novo sítio)
",,"
",,"
",,"6.7 Agrupar campos de formulário. (link para um novo sítio)
"
Plantão Judiciário | Tribunal Regional do Trabalho da 12ª Região,https://portal.trt12.jus.br/plantao_judiciario,98.81%,161,197,"1.3 Utilizar corretamente os níveis de cabeçalho.(link para um novo sítio)
","1.1 Respeitar os Padrões Web. (link para um novo sítio)
1.2 Organizar o código HTML de forma lógica e semântica. (link para um novo sítio)
1.4 Ordenar de forma lógica e intuitiva a leitura e tabulação. (link para um novo sítio)
1.6 Não utilizar tabelas para diagramação. (link para um novo sítio)
","2.1 Disponibilizar todas as funções da página via teclado.(link para um novo sítio)
","2.2 Garantir que os objetos programáveis sejam acessíveis. (link para um novo sítio)
","3.5 Descrever links clara e sucintamente.(link para um novo sítio)
3.6 Fornecer alternativa em texto para as imagens do sítio.(link para um novo sítio)
3.10 Associar células de dados às células de cabeçalho.(link para um novo sítio)
","3.5 Descrever links clara e sucintamente. (link para um novo sítio)
3.6 Fornecer alternativa em texto para as imagens do sítio. (link para um novo sítio)
3.9 Em tabelas, utilizar títulos e resumos de forma apropriada. (link para um novo sítio)
",,"
",,"
",,"6.7 Agrupar campos de formulário. (link para um novo sítio)
"
Home Extranet | Tribunal Regional do Trabalho da 12ª Região,https://portal.trt12.jus.br/,95.67%,15,272,"1.2 Organizar o código HTML de forma lógica e semântica.(link para um novo sítio)
","1.1 Respeitar os Padrões Web. (link para um novo sítio)
1.2 Organizar o código HTML de forma lógica e semântica. (link para um novo sítio)
1.4 Ordenar de forma lógica e intuitiva a leitura e tabulação. (link para um novo sítio)
","2.1 Disponibilizar todas as funções da página via teclado.(link para um novo sítio)
","2.2 Garantir que os objetos programáveis sejam acessíveis. (link para um novo sítio)
","3.5 Descrever links clara e sucintamente.(link para um novo sítio)
3.6 Fornecer alternativa em texto para as imagens do sítio.(link para um novo sítio)
","3.5 Descrever links clara e sucintamente. (link para um novo sítio)
3.6 Fornecer alternativa em texto para as imagens do sítio. (link para um novo sítio)
",,"
",,"
",,"6.1 Fornecer alternativa em texto para os botões de imagem de formulários. (link para um novo sítio)
6.7 Agrupar campos de formulário. (link para um novo sítio)
"
SEGJUD - Pautas de Julgamento do Tribunal_menu superior | Tribunal Regional do Trabalho da 12ª Região,https://portal.trt12.jus.br/segjud/pautas/julgamento/tribunal,99.85%,3,39,,"1.1 Respeitar os Padrões Web. (link para um novo sítio)
1.2 Organizar o código HTML de forma lógica e semântica. (link para um novo sítio)
1.4 Ordenar de forma lógica e intuitiva a leitura e tabulação. (link para um novo sítio)
","2.1 Disponibilizar todas as funções da página via teclado.(link para um novo sítio)
","2.2 Garantir que os objetos programáveis sejam acessíveis. (link para um novo sítio)
","3.5 Descrever links clara e sucintamente.(link para um novo sítio)
3.6 Fornecer alternativa em texto para as imagens do sítio.(link para um novo sítio)
","3.5 Descrever links clara e sucintamente. (link para um novo sítio)
3.6 Fornecer alternativa em texto para as imagens do sítio. (link para um novo sítio)
",,"
",,"
",,"6.7 Agrupar campos de formulário. (link para um novo sítio)
"
O que é | Tribunal Regional do Trabalho da 12ª Região,https://portal.trt12.jus.br/ouvidoria-o-que-e,99.9%,10,54,"1.7 Separar links adjacentes.(link para um novo sítio)
","1.1 Respeitar os Padrões Web. (link para um novo sítio)
1.2 Organizar o código HTML de forma lógica e semântica. (link para um novo sítio)
1.4 Ordenar de forma lógica e intuitiva a leitura e tabulação. (link para um novo sítio)
","2.1 Disponibilizar todas as funções da página via teclado.(link para um novo sítio)
","2.2 Garantir que os objetos programáveis sejam acessíveis. (link para um novo sítio)
","3.5 Descrever links clara e sucintamente.(link para um novo sítio)
3.6 Fornecer alternativa em texto para as imagens do sítio.(link para um novo sítio)
","3.5 Descrever links clara e sucintamente. (link para um novo sítio)
3.6 Fornecer alternativa em texto para as imagens do sítio. (link para um novo sítio)
",,"
",,"
",,"6.7 Agrupar campos de formulário. (link para um novo sítio)
"
Campanha arrecada fraldas para centros de oncologia | Tribunal Regional do Trabalho da 12ª Região,https://portal.trt12.jus.br/noticias/campanha-visa-arrecadar-fraldas-para-centros-de-referencia-em-oncologia,96%,25,48,"1.2 Organizar o código HTML de forma lógica e semântica.(link para um novo sítio)
1.7 Separar links adjacentes.(link para um novo sítio)
","1.1 Respeitar os Padrões Web. (link para um novo sítio)
1.2 Organizar o código HTML de forma lógica e semântica. (link para um novo sítio)
1.4 Ordenar de forma lógica e intuitiva a leitura e tabulação. (link para um novo sítio)
","2.1 Disponibilizar todas as funções da página via teclado.(link para um novo sítio)
","2.2 Garantir que os objetos programáveis sejam acessíveis. (link para um novo sítio)
","3.5 Descrever links clara e sucintamente.(link para um novo sítio)
3.6 Fornecer alternativa em texto para as imagens do sítio.(link para um novo sítio)
","3.5 Descrever links clara e sucintamente. (link para um novo sítio)
3.6 Fornecer alternativa em texto para as imagens do sítio. (link para um novo sítio)
",,"
",,"
",,"6.7 Agrupar campos de formulário. (link para um novo sítio)
"
Corregedoria Inicial | Tribunal Regional do Trabalho da 12ª Região,https://portal.trt12.jus.br/corregedoria,95.7%,19,65,"1.2 Organizar o código HTML de forma lógica e semântica.(link para um novo sítio)
","1.1 Respeitar os Padrões Web. (link para um novo sítio)
1.2 Organizar o código HTML de forma lógica e semântica. (link para um novo sítio)
1.4 Ordenar de forma lógica e intuitiva a leitura e tabulação. (link para um novo sítio)
1.9 Não abrir novas instâncias sem a solicitação do usuário. (link para um novo sítio)
","2.1 Disponibilizar todas as funções da página via teclado.(link para um novo sítio)
","2.2 Garantir que os objetos programáveis sejam acessíveis. (link para um novo sítio)
","3.5 Descrever links clara e sucintamente.(link para um novo sítio)
3.6 Fornecer alternativa em texto para as imagens do sítio.(link para um novo sítio)
","3.5 Descrever links clara e sucintamente. (link para um novo sítio)
3.6 Fornecer alternativa em texto para as imagens do sítio. (link para um novo sítio)
",,"
",,"
",,"6.7 Agrupar campos de formulário. (link para um novo sítio)
"
Pesquisa Legislação - teste | Tribunal Regional do Trabalho da 12ª Região,https://portal.trt12.jus.br/pesquisa-legislacao,99.63%,5,58,,"1.1 Respeitar os Padrões Web. (link para um novo sítio)
1.2 Organizar o código HTML de forma lógica e semântica. (link para um novo sítio)
1.4 Ordenar de forma lógica e intuitiva a leitura e tabulação. (link para um novo sítio)
","2.1 Disponibilizar todas as funções da página via teclado.(link para um novo sítio)
","2.2 Garantir que os objetos programáveis sejam acessíveis. (link para um novo sítio)
","3.5 Descrever links clara e sucintamente.(link para um novo sítio)
3.6 Fornecer alternativa em texto para as imagens do sítio.(link para um novo sítio)
3.11 Garantir a leitura e compreensão das informações.(link para um novo sítio)
","3.5 Descrever links clara e sucintamente. (link para um novo sítio)
3.6 Fornecer alternativa em texto para as imagens do sítio. (link para um novo sítio)
",,"
",,"
",,"6.7 Agrupar campos de formulário. (link para um novo sítio)
"
Lei Geral de Proteção de Dados Pessoais | Tribunal Regional do Trabalho da 12ª Região,https://portal.trt12.jus.br/lgpd/inicio,99.87%,3,59,,"1.1 Respeitar os Padrões Web. (link para um novo sítio)
1.2 Organizar o código HTML de forma lógica e semântica. (link para um novo sítio)
1.4 Ordenar de forma lógica e intuitiva a leitura e tabulação. (link para um novo sítio)
","2.1 Disponibilizar todas as funções da página via teclado.(link para um novo sítio)
","2.2 Garantir que os objetos programáveis sejam acessíveis. (link para um novo sítio)
","3.5 Descrever links clara e sucintamente.(link para um novo sítio)
3.6 Fornecer alternativa em texto para as imagens do sítio.(link para um novo sítio)
","3.5 Descrever links clara e sucintamente. (link para um novo sítio)
3.6 Fornecer alternativa em texto para as imagens do sítio. (link para um novo sítio)
",,"
",,"
",,"6.7 Agrupar campos de formulário. (link para um novo sítio)
"
Varas do Trabalho | Tribunal Regional do Trabalho da 12ª Região,https://portal.trt12.jus.br/varasdotrabalho,93.6%,4,622,,"1.1 Respeitar os Padrões Web. (link para um novo sítio)
1.2 Organizar o código HTML de forma lógica e semântica. (link para um novo sítio)
1.4 Ordenar de forma lógica e intuitiva a leitura e tabulação. (link para um novo sítio)
","2.1 Disponibilizar todas as funções da página via teclado.(link para um novo sítio)
","2.2 Garantir que os objetos programáveis sejam acessíveis. (link para um novo sítio)
","3.5 Descrever links clara e sucintamente.(link para um novo sítio)
3.6 Fornecer alternativa em texto para as imagens do sítio.(link para um novo sítio)
","3.5 Descrever links clara e sucintamente. (link para um novo sítio)
3.6 Fornecer alternativa em texto para as imagens do sítio. (link para um novo sítio)
","4.4 Possibilitar que o elemento com foco seja visualmente evidente.(link para um novo sítio)
","
",,"
",,"6.7 Agrupar campos de formulário. (link para um novo sítio)
"
Guias de recolhimento e certidões | Tribunal Regional do Trabalho da 12ª Região,https://portal.trt12.jus.br/certidoes-e-guias,99.85%,5,40,,"1.1 Respeitar os Padrões Web. (link para um novo sítio)
1.2 Organizar o código HTML de forma lógica e semântica. (link para um novo sítio)
1.4 Ordenar de forma lógica e intuitiva a leitura e tabulação. (link para um novo sítio)
","2.1 Disponibilizar todas as funções da página via teclado.(link para um novo sítio)
","2.2 Garantir que os objetos programáveis sejam acessíveis. (link para um novo sítio)
","3.5 Descrever links clara e sucintamente.(link para um novo sítio)
3.6 Fornecer alternativa em texto para as imagens do sítio.(link para um novo sítio)
","3.5 Descrever links clara e sucintamente. (link para um novo sítio)
3.6 Fornecer alternativa em texto para as imagens do sítio. (link para um novo sítio)
",,"
",,"
",,"6.7 Agrupar campos de formulário. (link para um novo sítio)
"
Lista dos 10 Maiores Litigantes | Tribunal Regional do Trabalho da 12ª Região,https://portal.trt12.jus.br/transparencia/lista_dos_10_maiores_litigantes,99.82%,13,48,"1.7 Separar links adjacentes.(link para um novo sítio)
","1.1 Respeitar os Padrões Web. (link para um novo sítio)
1.2 Organizar o código HTML de forma lógica e semântica. (link para um novo sítio)
1.4 Ordenar de forma lógica e intuitiva a leitura e tabulação. (link para um novo sítio)
","2.1 Disponibilizar todas as funções da página via teclado.(link para um novo sítio)
","2.2 Garantir que os objetos programáveis sejam acessíveis. (link para um novo sítio)
","3.5 Descrever links clara e sucintamente.(link para um novo sítio)
3.6 Fornecer alternativa em texto para as imagens do sítio.(link para um novo sítio)
","3.5 Descrever links clara e sucintamente. (link para um novo sítio)
3.6 Fornecer alternativa em texto para as imagens do sítio. (link para um novo sítio)
",,"
",,"
",,"6.7 Agrupar campos de formulário. (link para um novo sítio)
"
Atermação Virtual (Jus Postulandi) | Tribunal Regional do Trabalho da 12ª Região,https://portal.trt12.jus.br/corregedoria/juspostulandi,99.84%,9,39,,"1.1 Respeitar os Padrões Web. (link para um novo sítio)
1.2 Organizar o código HTML de forma lógica e semântica. (link para um novo sítio)
1.4 Ordenar de forma lógica e intuitiva a leitura e tabulação. (link para um novo sítio)
","2.1 Disponibilizar todas as funções da página via teclado.(link para um novo sítio)
","2.2 Garantir que os objetos programáveis sejam acessíveis. (link para um novo sítio)
","3.5 Descrever links clara e sucintamente.(link para um novo sítio)
3.6 Fornecer alternativa em texto para as imagens do sítio.(link para um novo sítio)
","3.5 Descrever links clara e sucintamente. (link para um novo sítio)
3.6 Fornecer alternativa em texto para as imagens do sítio. (link para um novo sítio)
",,"
",,"
",,"6.7 Agrupar campos de formulário. (link para um novo sítio)
"
Recadastramento de Aposentados e Pensionistas | Tribunal Regional do Trabalho da 12ª Região,https://portal.trt12.jus.br/recadastramento,99.85%,3,52,,"1.1 Respeitar os Padrões Web. (link para um novo sítio)
1.2 Organizar o código HTML de forma lógica e semântica. (link para um novo sítio)
1.4 Ordenar de forma lógica e intuitiva a leitura e tabulação. (link para um novo sítio)
","2.1 Disponibilizar todas as funções da página via teclado.(link para um novo sítio)
","2.2 Garantir que os objetos programáveis sejam acessíveis. (link para um novo sítio)
","3.5 Descrever links clara e sucintamente.(link para um novo sítio)
3.6 Fornecer alternativa em texto para as imagens do sítio.(link para um novo sítio)
","3.5 Descrever links clara e sucintamente. (link para um novo sítio)
3.6 Fornecer alternativa em texto para as imagens do sítio. (link para um novo sítio)
",,"
",,"
",,"6.7 Agrupar campos de formulário. (link para um novo sítio)
"
PUBLICAÇÕES | Tribunal Regional do Trabalho da 12ª Região,https://portal.trt12.jus.br/publicacoes-trtsc,99.85%,5,39,,"1.1 Respeitar os Padrões Web. (link para um novo sítio)
1.2 Organizar o código HTML de forma lógica e semântica. (link para um novo sítio)
1.4 Ordenar de forma lógica e intuitiva a leitura e tabulação. (link para um novo sítio)
","2.1 Disponibilizar todas as funções da página via teclado.(link para um novo sítio)
","2.2 Garantir que os objetos programáveis sejam acessíveis. (link para um novo sítio)
","3.5 Descrever links clara e sucintamente.(link para um novo sítio)
3.6 Fornecer alternativa em texto para as imagens do sítio.(link para um novo sítio)
","3.5 Descrever links clara e sucintamente. (link para um novo sítio)
3.6 Fornecer alternativa em texto para as imagens do sítio. (link para um novo sítio)
",,"
",,"
",,"6.7 Agrupar campos de formulário. (link para um novo sítio)
"
EJUD Página Principal | Tribunal Regional do Trabalho da 12ª Região,https://portal.trt12.jus.br/portalescolajudicial,96.8%,16,80,"1.2 Organizar o código HTML de forma lógica e semântica.(link para um novo sítio)
","1.1 Respeitar os Padrões Web. (link para um novo sítio)
1.2 Organizar o código HTML de forma lógica e semântica. (link para um novo sítio)
1.4 Ordenar de forma lógica e intuitiva a leitura e tabulação. (link para um novo sítio)
","2.1 Disponibilizar todas as funções da página via teclado.(link para um novo sítio)
","2.2 Garantir que os objetos programáveis sejam acessíveis. (link para um novo sítio)
","3.5 Descrever links clara e sucintamente.(link para um novo sítio)
3.6 Fornecer alternativa em texto para as imagens do sítio.(link para um novo sítio)
","3.5 Descrever links clara e sucintamente. (link para um novo sítio)
3.6 Fornecer alternativa em texto para as imagens do sítio. (link para um novo sítio)
",,"
",,"
",,"6.7 Agrupar campos de formulário. (link para um novo sítio)
"
Sexec - Precatórios (Extranet) | Tribunal Regional do Trabalho da 12ª Região,https://portal.trt12.jus.br/precatorios,99.84%,5,52,,"1.1 Respeitar os Padrões Web. (link para um novo sítio)
1.2 Organizar o código HTML de forma lógica e semântica. (link para um novo sítio)
1.4 Ordenar de forma lógica e intuitiva a leitura e tabulação. (link para um novo sítio)
","2.1 Disponibilizar todas as funções da página via teclado.(link para um novo sítio)
","2.2 Garantir que os objetos programáveis sejam acessíveis. (link para um novo sítio)
","3.5 Descrever links clara e sucintamente.(link para um novo sítio)
3.6 Fornecer alternativa em texto para as imagens do sítio.(link para um novo sítio)
","3.5 Descrever links clara e sucintamente. (link para um novo sítio)
3.6 Fornecer alternativa em texto para as imagens do sítio. (link para um novo sítio)
",,"
",,"
",,"6.7 Agrupar campos de formulário. (link para um novo sítio)
"
Estrutura Administrativa | Tribunal Regional do Trabalho da 12ª Região,https://portal.trt12.jus.br/estrutura-administrativa,99.85%,6,152,,"1.1 Respeitar os Padrões Web. (link para um novo sítio)
1.2 Organizar o código HTML de forma lógica e semântica. (link para um novo sítio)
1.4 Ordenar de forma lógica e intuitiva a leitura e tabulação. (link para um novo sítio)
1.6 Não utilizar tabelas para diagramação. (link para um novo sítio)
","2.1 Disponibilizar todas as funções da página via teclado.(link para um novo sítio)
","2.2 Garantir que os objetos programáveis sejam acessíveis. (link para um novo sítio)
","3.5 Descrever links clara e sucintamente.(link para um novo sítio)
3.6 Fornecer alternativa em texto para as imagens do sítio.(link para um novo sítio)
3.10 Associar células de dados às células de cabeçalho.(link para um novo sítio)
","3.5 Descrever links clara e sucintamente. (link para um novo sítio)
3.6 Fornecer alternativa em texto para as imagens do sítio. (link para um novo sítio)
3.9 Em tabelas, utilizar títulos e resumos de forma apropriada. (link para um novo sítio)
",,"
",,"
",,"6.7 Agrupar campos de formulário. (link para um novo sítio)
"
Programa Trabalho Seguro | Tribunal Regional do Trabalho da 12ª Região,https://portal.trt12.jus.br/trabalhoseguro,94.06%,6,70,,"1.1 Respeitar os Padrões Web. (link para um novo sítio)
1.2 Organizar o código HTML de forma lógica e semântica. (link para um novo sítio)
1.4 Ordenar de forma lógica e intuitiva a leitura e tabulação. (link para um novo sítio)
1.6 Não utilizar tabelas para diagramação. (link para um novo sítio)
","2.1 Disponibilizar todas as funções da página via teclado.(link para um novo sítio)
","2.2 Garantir que os objetos programáveis sejam acessíveis. (link para um novo sítio)
","3.5 Descrever links clara e sucintamente.(link para um novo sítio)
3.6 Fornecer alternativa em texto para as imagens do sítio.(link para um novo sítio)
3.10 Associar células de dados às células de cabeçalho.(link para um novo sítio)
","3.5 Descrever links clara e sucintamente. (link para um novo sítio)
3.6 Fornecer alternativa em texto para as imagens do sítio. (link para um novo sítio)
3.9 Em tabelas, utilizar títulos e resumos de forma apropriada. (link para um novo sítio)
",,"
",,"
",,"6.7 Agrupar campos de formulário. (link para um novo sítio)
"
"Contrato de aprendizagem é essencial para fixar jovem na escola, afirma juíza do Trabalho | Tribunal Regional do Trabalho da 12ª Região",https://portal.trt12.jus.br/node/13893,96.08%,25,55,"1.2 Organizar o código HTML de forma lógica e semântica.(link para um novo sítio)
1.7 Separar links adjacentes.(link para um novo sítio)
","1.1 Respeitar os Padrões Web. (link para um novo sítio)
1.2 Organizar o código HTML de forma lógica e semântica. (link para um novo sítio)
1.4 Ordenar de forma lógica e intuitiva a leitura e tabulação. (link para um novo sítio)
","2.1 Disponibilizar todas as funções da página via teclado.(link para um novo sítio)
","2.2 Garantir que os objetos programáveis sejam acessíveis. (link para um novo sítio)
","3.5 Descrever links clara e sucintamente.(link para um novo sítio)
3.6 Fornecer alternativa em texto para as imagens do sítio.(link para um novo sítio)
","3.5 Descrever links clara e sucintamente. (link para um novo sítio)
3.6 Fornecer alternativa em texto para as imagens do sítio. (link para um novo sítio)
",,"
",,"
",,"6.7 Agrupar campos de formulário. (link para um novo sítio)
"
UNIFORMIZAÇÃO DE JURISPRUDÊNCIA | Tribunal Regional do Trabalho da 12ª Região,https://portal.trt12.jus.br/uniformizacao-jurisprudencia,95.65%,7,52,"1.3 Utilizar corretamente os níveis de cabeçalho.(link para um novo sítio)
","1.1 Respeitar os Padrões Web. (link para um novo sítio)
1.2 Organizar o código HTML de forma lógica e semântica. (link para um novo sítio)
1.4 Ordenar de forma lógica e intuitiva a leitura e tabulação. (link para um novo sítio)
1.6 Não utilizar tabelas para diagramação. (link para um novo sítio)
","2.1 Disponibilizar todas as funções da página via teclado.(link para um novo sítio)
","2.2 Garantir que os objetos programáveis sejam acessíveis. (link para um novo sítio)
","3.5 Descrever links clara e sucintamente.(link para um novo sítio)
3.6 Fornecer alternativa em texto para as imagens do sítio.(link para um novo sítio)
3.10 Associar células de dados às células de cabeçalho.(link para um novo sítio)
","3.5 Descrever links clara e sucintamente. (link para um novo sítio)
3.6 Fornecer alternativa em texto para as imagens do sítio. (link para um novo sítio)
3.9 Em tabelas, utilizar títulos e resumos de forma apropriada. (link para um novo sítio)
",,"
",,"
",,"6.7 Agrupar campos de formulário. (link para um novo sítio)
"
Faz perícias? Acompanhe o pagamento de honorários | Tribunal Regional do Trabalho da 12ª Região,https://portal.trt12.jus.br/noticias/perito-veja-como-acompanhar-o-pagamento-de-honorarios,96.72%,20,50,"1.2 Organizar o código HTML de forma lógica e semântica.(link para um novo sítio)
1.7 Separar links adjacentes.(link para um novo sítio)
","1.1 Respeitar os Padrões Web. (link para um novo sítio)
1.2 Organizar o código HTML de forma lógica e semântica. (link para um novo sítio)
1.4 Ordenar de forma lógica e intuitiva a leitura e tabulação. (link para um novo sítio)
","2.1 Disponibilizar todas as funções da página via teclado.(link para um novo sítio)
","2.2 Garantir que os objetos programáveis sejam acessíveis. (link para um novo sítio)
","3.5 Descrever links clara e sucintamente.(link para um novo sítio)
3.6 Fornecer alternativa em texto para as imagens do sítio.(link para um novo sítio)
","3.5 Descrever links clara e sucintamente. (link para um novo sítio)
3.6 Fornecer alternativa em texto para as imagens do sítio. (link para um novo sítio)
",,"
",,"
",,"6.7 Agrupar campos de formulário. (link para um novo sítio)
"
Acesse aqui os links das audiências e sessões de julgamento telepresenciais | Tribunal Regional do Trabalho da 12ª Região,https://portal.trt12.jus.br/noticias/audiencias-e-sessoes-virtuais,96.15%,25,53,"1.2 Organizar o código HTML de forma lógica e semântica.(link para um novo sítio)
1.7 Separar links adjacentes.(link para um novo sítio)
","1.1 Respeitar os Padrões Web. (link para um novo sítio)
1.2 Organizar o código HTML de forma lógica e semântica. (link para um novo sítio)
1.4 Ordenar de forma lógica e intuitiva a leitura e tabulação. (link para um novo sítio)
","2.1 Disponibilizar todas as funções da página via teclado.(link para um novo sítio)
","2.2 Garantir que os objetos programáveis sejam acessíveis. (link para um novo sítio)
","3.5 Descrever links clara e sucintamente.(link para um novo sítio)
3.6 Fornecer alternativa em texto para as imagens do sítio.(link para um novo sítio)
","3.5 Descrever links clara e sucintamente. (link para um novo sítio)
3.6 Fornecer alternativa em texto para as imagens do sítio. (link para um novo sítio)
",,"
",,"
",,"6.7 Agrupar campos de formulário. (link para um novo sítio)
"
Formulário deve ser respondido apenas por pessoas com deficiência | Tribunal Regional do Trabalho da 12ª Região,https://portal.trt12.jus.br/noticias/pesquisa-quer-avaliar-acessibilidade-de-postos-de-trabalho-servicos-e-dependencias-do-trt,96.18%,23,51,"1.2 Organizar o código HTML de forma lógica e semântica.(link para um novo sítio)
1.7 Separar links adjacentes.(link para um novo sítio)
","1.1 Respeitar os Padrões Web. (link para um novo sítio)
1.2 Organizar o código HTML de forma lógica e semântica. (link para um novo sítio)
1.4 Ordenar de forma lógica e intuitiva a leitura e tabulação. (link para um novo sítio)
","2.1 Disponibilizar todas as funções da página via teclado.(link para um novo sítio)
","2.2 Garantir que os objetos programáveis sejam acessíveis. (link para um novo sítio)
","3.5 Descrever links clara e sucintamente.(link para um novo sítio)
3.6 Fornecer alternativa em texto para as imagens do sítio.(link para um novo sítio)
","3.5 Descrever links clara e sucintamente. (link para um novo sítio)
3.6 Fornecer alternativa em texto para as imagens do sítio. (link para um novo sítio)
",,"
",,"
",,"6.7 Agrupar campos de formulário. (link para um novo sítio)
"
Sistema Push | Tribunal Regional do Trabalho da 12ª Região,https://portal.trt12.jus.br/servicos/push,99.85%,3,40,,"1.1 Respeitar os Padrões Web. (link para um novo sítio)
1.2 Organizar o código HTML de forma lógica e semântica. (link para um novo sítio)
1.4 Ordenar de forma lógica e intuitiva a leitura e tabulação. (link para um novo sítio)
","2.1 Disponibilizar todas as funções da página via teclado.(link para um novo sítio)
","2.2 Garantir que os objetos programáveis sejam acessíveis. (link para um novo sítio)
","3.5 Descrever links clara e sucintamente.(link para um novo sítio)
3.6 Fornecer alternativa em texto para as imagens do sítio.(link para um novo sítio)
","3.5 Descrever links clara e sucintamente. (link para um novo sítio)
3.6 Fornecer alternativa em texto para as imagens do sítio. (link para um novo sítio)
",,"
",,"
",,"6.7 Agrupar campos de formulário. (link para um novo sítio)
"
SEGJUD - Órgão Julgador | Tribunal Regional do Trabalho da 12ª Região,https://portal.trt12.jus.br/segjud/orgao/julgador,99.78%,44,57,,"1.1 Respeitar os Padrões Web. (link para um novo sítio)
1.2 Organizar o código HTML de forma lógica e semântica. (link para um novo sítio)
1.4 Ordenar de forma lógica e intuitiva a leitura e tabulação. (link para um novo sítio)
1.6 Não utilizar tabelas para diagramação. (link para um novo sítio)
","2.1 Disponibilizar todas as funções da página via teclado.(link para um novo sítio)
","2.2 Garantir que os objetos programáveis sejam acessíveis. (link para um novo sítio)
","3.5 Descrever links clara e sucintamente.(link para um novo sítio)
3.6 Fornecer alternativa em texto para as imagens do sítio.(link para um novo sítio)
","3.5 Descrever links clara e sucintamente. (link para um novo sítio)
3.6 Fornecer alternativa em texto para as imagens do sítio. (link para um novo sítio)
3.9 Em tabelas, utilizar títulos e resumos de forma apropriada. (link para um novo sítio)
",,"
",,"
",,"6.7 Agrupar campos de formulário. (link para um novo sítio)
"
"Parte deve comprovar insuficiência de renda para ficar isenta de custas judiciais, decide TRT-12 | Tribunal Regional do Trabalho da 12ª Região",https://portal.trt12.jus.br/noticias/parte-deve-comprovar-insuficiencia-de-renda-para-ficar-isenta-de-custas-judiciais-decide,96%,25,51,"1.2 Organizar o código HTML de forma lógica e semântica.(link para um novo sítio)
1.7 Separar links adjacentes.(link para um novo sítio)
","1.1 Respeitar os Padrões Web. (link para um novo sítio)
1.2 Organizar o código HTML de forma lógica e semântica. (link para um novo sítio)
1.4 Ordenar de forma lógica e intuitiva a leitura e tabulação. (link para um novo sítio)
","2.1 Disponibilizar todas as funções da página via teclado.(link para um novo sítio)
","2.2 Garantir que os objetos programáveis sejam acessíveis. (link para um novo sítio)
","3.5 Descrever links clara e sucintamente.(link para um novo sítio)
3.6 Fornecer alternativa em texto para as imagens do sítio.(link para um novo sítio)
","3.5 Descrever links clara e sucintamente. (link para um novo sítio)
3.6 Fornecer alternativa em texto para as imagens do sítio. (link para um novo sítio)
",,"
",,"
",,"6.7 Agrupar campos de formulário. (link para um novo sítio)
"
Programa de estágio | Tribunal Regional do Trabalho da 12ª Região,https://portal.trt12.jus.br/estagio,94.48%,11,47,"1.3 Utilizar corretamente os níveis de cabeçalho.(link para um novo sítio)
","1.1 Respeitar os Padrões Web. (link para um novo sítio)
1.2 Organizar o código HTML de forma lógica e semântica. (link para um novo sítio)
1.4 Ordenar de forma lógica e intuitiva a leitura e tabulação. (link para um novo sítio)
1.9 Não abrir novas instâncias sem a solicitação do usuário. (link para um novo sítio)
","2.1 Disponibilizar todas as funções da página via teclado.(link para um novo sítio)
","2.2 Garantir que os objetos programáveis sejam acessíveis. (link para um novo sítio)
","3.5 Descrever links clara e sucintamente.(link para um novo sítio)
3.6 Fornecer alternativa em texto para as imagens do sítio.(link para um novo sítio)
","3.5 Descrever links clara e sucintamente. (link para um novo sítio)
3.6 Fornecer alternativa em texto para as imagens do sítio. (link para um novo sítio)
",,"
",,"
",,"6.7 Agrupar campos de formulário. (link para um novo sítio)
"
Perguntas frequentes - FAQ | Tribunal Regional do Trabalho da 12ª Região,https://portal.trt12.jus.br/ouvidoria-faq,99.82%,17,51,,"1.1 Respeitar os Padrões Web. (link para um novo sítio)
1.2 Organizar o código HTML de forma lógica e semântica. (link para um novo sítio)
1.4 Ordenar de forma lógica e intuitiva a leitura e tabulação. (link para um novo sítio)
1.9 Não abrir novas instâncias sem a solicitação do usuário. (link para um novo sítio)
","2.1 Disponibilizar todas as funções da página via teclado.(link para um novo sítio)
","2.2 Garantir que os objetos programáveis sejam acessíveis. (link para um novo sítio)
","3.5 Descrever links clara e sucintamente.(link para um novo sítio)
3.6 Fornecer alternativa em texto para as imagens do sítio.(link para um novo sítio)
","3.5 Descrever links clara e sucintamente. (link para um novo sítio)
3.6 Fornecer alternativa em texto para as imagens do sítio. (link para um novo sítio)
",,"
",,"
",,"6.7 Agrupar campos de formulário. (link para um novo sítio)
"
Prevenção ao assédio moral | Tribunal Regional do Trabalho da 12ª Região,https://portal.trt12.jus.br/prevencao-assedio-moral,96.96%,11,65,"1.2 Organizar o código HTML de forma lógica e semântica.(link para um novo sítio)
","1.1 Respeitar os Padrões Web. (link para um novo sítio)
1.2 Organizar o código HTML de forma lógica e semântica. (link para um novo sítio)
1.4 Ordenar de forma lógica e intuitiva a leitura e tabulação. (link para um novo sítio)
1.6 Não utilizar tabelas para diagramação. (link para um novo sítio)
","2.1 Disponibilizar todas as funções da página via teclado.(link para um novo sítio)
","2.2 Garantir que os objetos programáveis sejam acessíveis. (link para um novo sítio)
","3.5 Descrever links clara e sucintamente.(link para um novo sítio)
3.6 Fornecer alternativa em texto para as imagens do sítio.(link para um novo sítio)
","3.5 Descrever links clara e sucintamente. (link para um novo sítio)
3.6 Fornecer alternativa em texto para as imagens do sítio. (link para um novo sítio)
3.9 Em tabelas, utilizar títulos e resumos de forma apropriada. (link para um novo sítio)
",,"
",,"
",,"6.7 Agrupar campos de formulário. (link para um novo sítio)
"
"Semana da Conciliação gera R$ 2,5 milhões em acordos trabalhistas no primeiro dia em SC | Tribunal Regional do Trabalho da 12ª Região",https://portal.trt12.jus.br/noticias/semana-da-conciliacao-gera-r-25-milhoes-em-acordos-trabalhistas-no-primeiro-dia-em-sc,96%,25,49,"1.2 Organizar o código HTML de forma lógica e semântica.(link para um novo sítio)
1.7 Separar links adjacentes.(link para um novo sítio)
","1.1 Respeitar os Padrões Web. (link para um novo sítio)
1.2 Organizar o código HTML de forma lógica e semântica. (link para um novo sítio)
1.4 Ordenar de forma lógica e intuitiva a leitura e tabulação. (link para um novo sítio)
","2.1 Disponibilizar todas as funções da página via teclado.(link para um novo sítio)
","2.2 Garantir que os objetos programáveis sejam acessíveis. (link para um novo sítio)
","3.5 Descrever links clara e sucintamente.(link para um novo sítio)
3.6 Fornecer alternativa em texto para as imagens do sítio.(link para um novo sítio)
","3.5 Descrever links clara e sucintamente. (link para um novo sítio)
3.6 Fornecer alternativa em texto para as imagens do sítio. (link para um novo sítio)
",,"
",,"
",,"6.7 Agrupar campos de formulário. (link para um novo sítio)
"
ACESSIBILIDADE - Inicial | Tribunal Regional do Trabalho da 12ª Região,https://portal.trt12.jus.br/acessibilidade,94.73%,27,79,"1.2 Organizar o código HTML de forma lógica e semântica.(link para um novo sítio)
","1.1 Respeitar os Padrões Web. (link para um novo sítio)
1.2 Organizar o código HTML de forma lógica e semântica. (link para um novo sítio)
1.4 Ordenar de forma lógica e intuitiva a leitura e tabulação. (link para um novo sítio)
","2.1 Disponibilizar todas as funções da página via teclado.(link para um novo sítio)
","2.2 Garantir que os objetos programáveis sejam acessíveis. (link para um novo sítio)
","3.5 Descrever links clara e sucintamente.(link para um novo sítio)
3.6 Fornecer alternativa em texto para as imagens do sítio.(link para um novo sítio)
","3.5 Descrever links clara e sucintamente. (link para um novo sítio)
3.6 Fornecer alternativa em texto para as imagens do sítio. (link para um novo sítio)
",,"
",,"
",,"6.7 Agrupar campos de formulário. (link para um novo sítio)
"
Liods página | Tribunal Regional do Trabalho da 12ª Região,https://portal.trt12.jus.br/liods,94.08%,6,95,,"1.1 Respeitar os Padrões Web. (link para um novo sítio)
1.2 Organizar o código HTML de forma lógica e semântica. (link para um novo sítio)
1.4 Ordenar de forma lógica e intuitiva a leitura e tabulação. (link para um novo sítio)
1.6 Não utilizar tabelas para diagramação. (link para um novo sítio)
","2.1 Disponibilizar todas as funções da página via teclado.(link para um novo sítio)
","2.2 Garantir que os objetos programáveis sejam acessíveis. (link para um novo sítio)
","3.5 Descrever links clara e sucintamente.(link para um novo sítio)
3.6 Fornecer alternativa em texto para as imagens do sítio.(link para um novo sítio)
3.10 Associar células de dados às células de cabeçalho.(link para um novo sítio)
","3.5 Descrever links clara e sucintamente. (link para um novo sítio)
3.6 Fornecer alternativa em texto para as imagens do sítio. (link para um novo sítio)
3.9 Em tabelas, utilizar títulos e resumos de forma apropriada. (link para um novo sítio)
",,"
",,"
",,"6.7 Agrupar campos de formulário. (link para um novo sítio)
"
Carta de Serviços | Tribunal Regional do Trabalho da 12ª Região,https://portal.trt12.jus.br/carta-de-servicos,99.84%,9,61,,"1.1 Respeitar os Padrões Web. (link para um novo sítio)
1.2 Organizar o código HTML de forma lógica e semântica. (link para um novo sítio)
1.4 Ordenar de forma lógica e intuitiva a leitura e tabulação. (link para um novo sítio)
","2.1 Disponibilizar todas as funções da página via teclado.(link para um novo sítio)
","2.2 Garantir que os objetos programáveis sejam acessíveis. (link para um novo sítio)
","3.5 Descrever links clara e sucintamente.(link para um novo sítio)
3.6 Fornecer alternativa em texto para as imagens do sítio.(link para um novo sítio)
","3.5 Descrever links clara e sucintamente. (link para um novo sítio)
3.6 Fornecer alternativa em texto para as imagens do sítio. (link para um novo sítio)
",,"
",,"
",,"6.7 Agrupar campos de formulário. (link para um novo sítio)
"
SISTEMAS DE CONSULTA À JURISPRUDÊNCIA | Tribunal Regional do Trabalho da 12ª Região,https://portal.trt12.jus.br/consulta-jurisprudencia,99.85%,5,48,,"1.1 Respeitar os Padrões Web. (link para um novo sítio)
1.2 Organizar o código HTML de forma lógica e semântica. (link para um novo sítio)
1.4 Ordenar de forma lógica e intuitiva a leitura e tabulação. (link para um novo sítio)
","2.1 Disponibilizar todas as funções da página via teclado.(link para um novo sítio)
","2.2 Garantir que os objetos programáveis sejam acessíveis. (link para um novo sítio)
","3.5 Descrever links clara e sucintamente.(link para um novo sítio)
3.6 Fornecer alternativa em texto para as imagens do sítio.(link para um novo sítio)
","3.5 Descrever links clara e sucintamente. (link para um novo sítio)
3.6 Fornecer alternativa em texto para as imagens do sítio. (link para um novo sítio)
",,"
",,"
",,"6.7 Agrupar campos de formulário. (link para um novo sítio)
"
PROVI e Peticionamento Eletrônico - STDI | Tribunal Regional do Trabalho da 12ª Região,https://portal.trt12.jus.br/servicos/stdi,99.85%,3,41,,"1.1 Respeitar os Padrões Web. (link para um novo sítio)
1.2 Organizar o código HTML de forma lógica e semântica. (link para um novo sítio)
1.4 Ordenar de forma lógica e intuitiva a leitura e tabulação. (link para um novo sítio)
","2.1 Disponibilizar todas as funções da página via teclado.(link para um novo sítio)
","2.2 Garantir que os objetos programáveis sejam acessíveis. (link para um novo sítio)
","3.5 Descrever links clara e sucintamente.(link para um novo sítio)
3.6 Fornecer alternativa em texto para as imagens do sítio.(link para um novo sítio)
","3.5 Descrever links clara e sucintamente. (link para um novo sítio)
3.6 Fornecer alternativa em texto para as imagens do sítio. (link para um novo sítio)
",,"
",,"
",,"6.7 Agrupar campos de formulário. (link para um novo sítio)
"
Prestação de Contas - IN TCU 84/2020 | Tribunal Regional do Trabalho da 12ª Região,https://portal.trt12.jus.br/in84_page1,99.85%,15,39,,"1.1 Respeitar os Padrões Web. (link para um novo sítio)
1.2 Organizar o código HTML de forma lógica e semântica. (link para um novo sítio)
1.4 Ordenar de forma lógica e intuitiva a leitura e tabulação. (link para um novo sítio)
","2.1 Disponibilizar todas as funções da página via teclado.(link para um novo sítio)
","2.2 Garantir que os objetos programáveis sejam acessíveis. (link para um novo sítio)
","3.5 Descrever links clara e sucintamente.(link para um novo sítio)
3.6 Fornecer alternativa em texto para as imagens do sítio.(link para um novo sítio)
","3.5 Descrever links clara e sucintamente. (link para um novo sítio)
3.6 Fornecer alternativa em texto para as imagens do sítio. (link para um novo sítio)
",,"
",,"
",,"6.7 Agrupar campos de formulário. (link para um novo sítio)
"
TRT-12 adequa realização de audiências à nova recomendação da Corregedoria-Geral da JT | Tribunal Regional do Trabalho da 12ª Região,https://portal.trt12.jus.br/noticias/trt-12-adequa-realizacao-de-audiencias-nova-recomendacao-da-corregedoria-geral-da-jt,96.18%,23,49,"1.2 Organizar o código HTML de forma lógica e semântica.(link para um novo sítio)
1.7 Separar links adjacentes.(link para um novo sítio)
","1.1 Respeitar os Padrões Web. (link para um novo sítio)
1.2 Organizar o código HTML de forma lógica e semântica. (link para um novo sítio)
1.4 Ordenar de forma lógica e intuitiva a leitura e tabulação. (link para um novo sítio)
","2.1 Disponibilizar todas as funções da página via teclado.(link para um novo sítio)
","2.2 Garantir que os objetos programáveis sejam acessíveis. (link para um novo sítio)
","3.5 Descrever links clara e sucintamente.(link para um novo sítio)
3.6 Fornecer alternativa em texto para as imagens do sítio.(link para um novo sítio)
","3.5 Descrever links clara e sucintamente. (link para um novo sítio)
3.6 Fornecer alternativa em texto para as imagens do sítio. (link para um novo sítio)
",,"
",,"
",,"6.7 Agrupar campos de formulário. (link para um novo sítio)
"
Participação Popular | Tribunal Regional do Trabalho da 12ª Região,https://portal.trt12.jus.br/transparencia/participacao-popular,99.83%,12,40,,"1.1 Respeitar os Padrões Web. (link para um novo sítio)
1.2 Organizar o código HTML de forma lógica e semântica. (link para um novo sítio)
1.4 Ordenar de forma lógica e intuitiva a leitura e tabulação. (link para um novo sítio)
","2.1 Disponibilizar todas as funções da página via teclado.(link para um novo sítio)
","2.2 Garantir que os objetos programáveis sejam acessíveis. (link para um novo sítio)
","3.5 Descrever links clara e sucintamente.(link para um novo sítio)
3.6 Fornecer alternativa em texto para as imagens do sítio.(link para um novo sítio)
","3.5 Descrever links clara e sucintamente. (link para um novo sítio)
3.6 Fornecer alternativa em texto para as imagens do sítio. (link para um novo sítio)
",,"
",,"
",,"6.7 Agrupar campos de formulário. (link para um novo sítio)
"
